80013,1G1PC5SB3E7160723,2020-06-18
80004,1C6SRFJT9LN124271,2020-12-08
80040,VF7XU9HXCJS036270,2022-10-13
80098,1G1YY32G045137245,2022-05-24
80078,1GNKVGKDXHJ111205,2020-09-29
80067,1N4BA41E27C829994,2019-12-11
80024,JTHBE1D20F5003012,2018-12-11
80101,1G6DW677570114710,2018-07-14
80070,1G1BC5SM6H7248546,2022-02-12
80080,1FTMF1E55KKE29667,2020-06-08
80069,1G8ZH5280TZ245669,2019-01-24
80003,1C4PJLDS6KW511518,2023-03-23
80034,JN1AZ4EH4FM446205,2020-05-23
80056,1GYS4CKJ7FR156314,2020-03-26
80096,1G1BL52P7TR107873,2022-09-29
80090,1GNKVJED1CJ340267,2022-08-19
80042,JN1AZ4EH4FM446205,2019-12-23
80013,1G1BC5SM2G7259363,2018-07-09
80085,1FT7W2BT6EEA88616,2023-02-03
80038,WDBUF87J24X183669,2020-07-11
80091,1GTEC14V4YE228962,2021-09-12
80052,1G1PC5SB1E7468027,2020-06-04
80029,JTHFN48Y020015474,2018-08-14
80020,VF1LW5FV3FJ157772,2018-08-22
80019,2C3CDXBG1CH175443,2021-11-21
80020,WBA8E5G53GNT43587,2018-11-20
80057,1GYS4BKJ9FR261998,2019-05-12
80007,1FA6P8CF6G5204786,2020-09-25
80065,3VWPL7AJ9DM672383,2022-02-28
80060,1GKDT13S432310687,2023-01-06
80084,1FADP3F2XFL261114,2019-10-30
80002,1FAHP2F87DG177357,2018-06-22
80059,2G1WF52E059181328,2019-11-07
80081,1G6DW547XLR710376,2022-03-02
80009,1FMEU73E07UA69550,2022-09-22
80049,1GCHK29U43E183471,2021-02-05
80061,1GKET16S336108900,2019-05-16
80012,1G1BC5SM2G7259363,2019-12-16
80001,1B3EL36X13N544178,2018-06-28
80044,VF1CDB1F665474149,2021-08-15
80056,1G6DW547XLR710376,2021-03-20
80076,3D7KU28D53G744361,2018-09-17
80090,3VWPL7AJ9DM672383,2023-03-02
80102,2GTEK19B951178294,2019-07-27
80100,3VWRL71KX5M624255,2020-06-12
80061,1HGCM66593A027660,2022-12-11
80099,2A8HR54P78R838277,2019-01-25
80087,1N4BL2AP3CN456357,2021-08-18
80086,1C6SRFJT9LN124271,2020-09-04
80077,WVWZZZ1KZ8W109879,2020-12-29
80102,VF7XU9HXCJS036271,2022-08-08
80064,VF7XU9HXCJS036267,2019-04-21
80062,1B3EL36X13N544178,2019-01-18
80067,1C4PJLDS6KW511518,2020-10-16
80098,1C6SRFJT9LN124271,2021-02-15
80068,1FA6P8CF6G5204786,2022-04-27
80077,1FADP3F2XFL261114,2023-02-16
80085,1FAHP2F87DG177357,2021-12-03
80078,1FM5K8D81GGB92846,2019-08-09
80070,1FMEU73E07UA69550,2020-07-09
80083,1FT7W2BT6EEA88616,2019-07-18
80076,1FTEX1C84AFB61715,2019-11-03
80068,1FTMF1E55KKE29667,2018-12-05
80087,1G1BC5SM2G7259363,2021-11-15
80097,1G1BC5SM6H7248546,2023-01-27
80102,1G1BL52P7TR107873,2021-05-28
80067,1G1PC5SB1E7468027,2019-02-10
80063,1G1PC5SB3E7160723,2022-08-20
80097,1G1YY32G045137245,2020-05-03
80073,1G4GE5EV1AF270056,2019-10-19
80085,1G4PR5SK2C4177666,2020-11-03
80082,1G6DW547XLR710376,2019-02-25
80075,1G6DW677570114710,2018-07-05
80078,1G8ZH5280TZ245669,2022-02-01
80090,1G8ZK5275XZ153317,2021-09-07
80075,1GCHK29U43E183471,2019-05-24
80061,1GKDT13S432310687,2020-06-01
80082,1GKET16S336108900,2022-06-19
80068,1G4GE5EV1AF270056,2020-08-08
80091,1C4PJLDS6KW511518,2019-04-12
80069,VF7XU9HXCJS036271,2018-08-24
80079,WDD1760431J585364,2021-07-30
80098,5LMJJ3J51BEL02090,2020-01-05
80067,1N4BA41E27C829994,2021-06-13
80064,JN8AS5MTXFW761655,2022-05-15
80075,WAUEFAFL6AN015952,2019-03-02
80092,1C4PJLDS6KW511518,2023-01-30
80000,1FTMF1E55KKE29667,2020-02-22
80033,1N4BL2AP3CN456357,2020-11-26
80095,1FA6P8CF6G5204786,2022-05-21
80068,JTHCK262382015990,2019-01-06
80041,1G1BC5SM6H7248546,2018-10-17
80078,JTHCK262382015990,2023-03-28
80018,1J4GW48S33C538940,2023-03-11
80020,5UXFE43528L034542,2023-03-29
80001,1GKET16S336108900,2023-03-16
80089,1HGCM66593A027660,2023-03-05
80048,1B3EL36X13N544178,2023-03-14
80023,2A8HR54P78R838277,2023-03-18
80047,1J4GW48S33C538940,2023-03-13
80006,1N4BA41E27C829994,2023-03-10
80061,1C4PJLDS6KW511518,2023-03-02
80018,WAUEFAFL6AN015952,2023-03-25
80090,JTHBE1D20F5003012,2023-03-07
80099,2G1WF52E059181328,2023-03-23
80035,2A8HR54P78R838277,2023-03-01
80022,WDD2210561A158211,2023-03-09
80016,WBA3N3C57GK254798,2023-03-03
80041,JTHCK262382015990,2023-03-17
80044,2C3CDXBG0HH601391,2023-03-26
80092,1B3EL36X13N544178,2023-03-08
80064,1GKDT13S432310687,2023-03-15
80002,WVWZZZ1KZ8W109879,2023-04-02
80012,1HGCM66593A027660,2023-03-31
80011,1GKDT13S432310687,2023-04-01
80072,1B3EL36X13N544178,2023-03-30
80090,1G1PC5SB1E7468027,2023-03-29
80091,1FADP3F2XFL261114,2023-03-29
80050,WBA8E5G53GNT43587,2023-03-30
80045,2A8HR54P78R838277,2023-03-31
80023,1N4BL2AP3CN456357,2023-03-31
80033,5LMJJ3J51BEL02090,2023-03-28
80034,JTHCK262382015990,2023-04-01
80050,WBA3B9C59DF581961,2023-03-30
80008,WDD2210561A158211,2023-03-29
80087,WDDPK5HA8GF105415,2023-03-31
80077,VF1CDB1F665474149,2023-03-30
80033,WDDPK5HA8GF105415,2023-03-31
80095,VF1LB0AH5C7653737,2023-03-28
80024,JTDKN3DU6B1442086,2023-03-29
80069,WDD2210561A158211,2023-03-28
80057,VF7VU9HZ6EZ143764,2023-03-28
80092,1G4PR5SK2C4177666,2023-03-31
80092,JTDKN3DU6B1442086,2023-04-02