WBA8E5G53GNT43587,20019,10084,68642,9,407,2023-04-01
1G1YY32G045137245,20063,10108,44627,1,28,2023-03-28
1GCHK29U43E183471,20105,10055,71782,8,310,2023-03-30
1G1BC5SM6H7248546,20098,10108,73165,2,165,2023-03-29
WUAPV54B43N903569,20106,10043,86729,10,356,2023-03-31
5GZCZ23D64S886662,20048,10029,83912,7,507,2023-03-27
2GTEK19B951178294,20081,10025,76543,1,348,2023-03-29
WDDNG7EB3AA306856,20013,10064,61638,8,515,2023-03-28
WDD1690321J306021,20101,10005,82403,9,279,2023-03-31
WDBUF87J24X183669,20023,10109,71782,7,56,2023-03-27
2C3CDXHG6GH235239,20106,10066,95128,11,563,2023-03-31
1G1PC5SB1E7468027,20057,10051,94826,3,577,2023-03-30
JN8AS5MT5AW001684,20089,10045,79045,3,51,2023-03-28
1GNKVJED1CJ340267,20008,10111,19468,7,340,2023-03-28
1G4GE5EV1AF270056,20101,10018,77509,3,83,2023-03-29
WDD1690321J306021,20043,10105,85948,6,56,2023-03-30
JTHCK262382015990,20024,10033,57102,11,584,2023-03-29
JN1AZ4EH4FM446205,20095,10029,76543,7,157,2023-03-27
3VWRL71KX5M624255,20069,10110,71782,10,247,2023-03-31
JF1GE6A60CH206925,20027,10072,71597,6,46,2023-03-28
VF1BB0CG642762701,20079,10006,61638,11,404,2023-03-15
1GKET16S336108900,20006,10104,95128,6,496,2023-03-01
VF1BB0CG642762701,20103,10096,32137,4,590,2023-03-08
JTHBE1D20F5003012,20034,10033,29375,8,554,2023-03-14
WV2ZZZ2KZ6X074902,20109,10019,44627,11,390,2023-02-28
WBACD4323VAV46579,20025,10079,33521,10,471,2023-03-03
WDD2221861A194294,20070,10045,74831,4,234,2023-03-25
1GKDT13S432310687,20020,10105,28013,2,56,2023-03-11
WDD2221861A194294,20091,10054,62345,4,261,2023-03-07
1G1PC5SB3E7160723,20110,10108,64237,9,236,2023-02-24
VF1LC0NM6F0109144,20017,10024,47490,3,328,2023-02-27
WBADW7C55CE730962,20060,10108,61428,8,341,2023-03-02
VF7XU9HXCJS036271,20103,10106,35923,10,331,2023-03-21
VF7XU9HXCJS036271,20055,10071,71782,7,557,2023-02-26
1G4GE5EV1AF270056,20068,10052,54271,1,48,2023-03-22
1FTMF1E55KKE29667,20068,10112,98526,5,236,2023-03-09
5UXFE43528L034542,20075,10105,85218,5,253,2023-03-23
JTHCK262382015990,20057,10031,61428,5,333,2023-03-12
VF1LW5FV4EJ400449,20050,10103,61638,3,584,2023-03-16
VF7XU9HXCJS036270,20016,10029,28013,8,103,2023-02-25
WDBUF87J24X183669,20107,10015,25992,12,238,2019-06-13
1N4BL2AP3CN456357,20025,10006,67654,5,55,2022-11-16
1GTEC14V4YE228962,20110,10032,76543,8,266,2020-08-18
JN8AS5MT5AW001684,20085,10107,33354,5,355,2019-09-23
VF1AAAA0F67031390,20029,10012,41772,12,26,2021-01-04
WDD2210561A158211,20085,10033,64237,9,45,2018-09-03
VF7VU9HZ6EZ143764,20110,10044,95128,5,593,2019-10-23
1FM5K8D81GGB92846,20066,10011,74831,5,78,2018-07-21
JN8AS5MT5AW001684,20050,10100,04896,5,222,2022-04-08
1G1YY32G045137245,20060,10089,12791,5,327,2019-04-26
3D7TT2CT8BG117921,20002,10105,59876,8,344,2018-08-31
2G61M5S31D9262549,20103,10095,12791,2,107,2021-08-15
VF1CDB1F665474149,20091,10014,62765,5,557,2022-01-07
1N4BL2AP3CN456357,20083,10103,46489,11,177,2020-02-25
3N1AB6AP4DL745369,20102,10059,84329,1,566,2023-02-01
1N4BL2AP3CN456357,20111,10007,98172,10,297,2019-07-26
1G1YY32G045137245,20043,10011,04896,9,188,2019-06-20
1G6DW547XLR710376,20078,10073,57451,4,338,2020-05-03
1FT7W2BT6EEA88616,20080,10063,61638,10,57,2019-12-27
WVWZZZ1KZ8W109879,20111,10112,23895,4,559,2019-12-17
2C3CDXBG0HH601391,20042,10091,84763,4,142,2022-08-30
1GYS4CKJ7FR156314,20071,10090,35507,1,105,2021-06-24
VF7XU9HXCJS036267,20022,10102,25992,10,283,2022-02-07
WDDGF8AB8EG146484,20108,10020,54532,3,432,2018-09-05
JN1AZ4EH4FM446205,20035,10071,71597,4,184,2019-01-08
WBA8E5G53GNT43587,20100,10097,77509,2,171,2022-05-12
1G6DW547XLR710376,20088,10036,13901,8,38,2021-05-28
VF7XU9HXCJS036270,20105,10012,22190,7,365,2020-04-16
VF1CDB1F665474149,20013,10058,68024,11,501,2022-02-02
VF1RFA5V6C0670836,20042,10023,64237,10,573,2023-03-14
1N4AA6AV2JC379063,20048,10097,13901,6,26,2018-07-14
2C3CDXBG0HH601391,20046,10056,68812,7,388,2020-01-05
WDD2210561A158211,20072,10090,23952,11,417,2020-05-25
5NPD84LF9KH404781,20028,10101,59876,11,555,2020-03-22
5GZCZ23D64S886662,20025,10033,82689,10,363,2019-09-21
5NPD84LF9KH404781,20086,10111,13901,7,556,2019-03-02
1HGCM66593A027660,20084,10015,54271,9,252,2021-12-20
VF7XU9HXCJS036270,20107,10108,76543,3,494,2019-12-09
5GZCZ23D44S823096,20030,10023,36871,7,355,2018-11-06
JTHBE1D20F5003012,20006,10109,41772,7,515,2021-05-15
VF1CDB1F665474149,20098,10066,68642,1,344,2021-11-27
1GYS4BKJ9FR261998,20033,10046,82403,3,60,2022-09-21
JTDKDTB37A1358646,20062,10107,95128,8,176,2020-10-08
1G6DW677570114710,20069,10044,61428,7,375,2022-11-07
WUAPV54B43N903569,20066,10027,51508,2,560,2019-06-22
VF1BB0CG642762701,20053,10105,98526,12,123,2019-06-30
1G4GE5EV1AF270056,20100,10073,16034,6,463,2020-10-15
1GCHK29U43E183471,20020,10059,62958,3,172,2021-10-13
VF1LB0AH5C7653737,20013,10098,34896,6,551,2020-02-02
JTHCK262382015990,20090,10110,54937,1,533,2018-11-19
1FADP3F2XFL261114,20001,10013,57102,8,117,2020-03-15
1GNKVJED1CJ340267,20109,10103,27612,1,452,2021-04-05
1N4BL2AP3CN456357,20017,10101,57361,9,402,2022-07-22
5UXFE43528L034542,20070,10017,79045,12,569,2023-01-24
WBA3B9C59DF581961,20039,10094,67654,6,275,2020-05-17
1N4BL2AP3CN456357,20102,10012,83579,10,530,2018-09-10
VF1LW5FV3FJ157772,20104,10022,21874,6,524,2019-02-11
SALVP2BG7HH315831,20083,10094,98526,1,57,2022-05-29
1FT7W2BT6EEA88616,20059,10110,53548,6,364,2021-03-26
JN1AZ4EH4FM446205,20080,10057,04896,5,329,2021-07-06
WDCGG8HB5EG232323,20062,10043,53548,6,237,2019-08-24
WAUEFAFL6AN015952,20062,10107,74721,4,302,2020-09-05
1GNKVJED1CJ340267,20029,10020,41095,6,350,2021-09-08
WDD2221861A194294,20103,10054,36871,1,333,2018-08-26
1GKET16S336108900,20098,10106,22190,12,473,2019-05-06
1N4BA41E27C829994,20063,10062,79045,6,405,2021-01-25
1C6SRFJT9LN124271,20058,10110,62958,10,370,2019-11-25
1G1PC5SB1E7468027,20094,10066,04896,11,279,2021-02-15
1N4AA6AV2JC379063,20001,10085,29375,12,249,2022-12-13
WDDGF8AB8EG146484,20068,10029,62958,6,256,2019-09-06
1FM5K8D81GGB92846,20011,10100,56034,5,296,2021-08-08
1HGCM66593A027660,20008,10033,67863,6,458,2020-11-16
1GKET16S336108900,20102,10086,21772,4,386,2022-06-09
1FAHP2F87DG177357,20100,10071,71597,9,220,2019-06-12
1GKET16S336108900,20073,10029,21963,4,515,2021-04-30
1HGCM66593A027660,20029,10063,14310,11,261,2020-07-13
1FADP3F2XFL261114,20018,10008,51508,2,272,2021-08-03
5N1AT2MT2FC812656,20090,10108,67863,1,420,2018-08-16
1GCHK29U43E183471,20109,10012,73165,3,313,2019-11-26
JTDKDTB37A1358646,20110,10047,79214,3,163,2019-05-28
1GCHK29U43E183471,20035,10031,54532,10,345,2020-03-15
VF1LB0AH5C7653737,20108,10057,76543,1,83,2020-11-27
JTDKDTB37A1358646,20020,10060,35923,7,563,2018-09-26
1G8ZK5275XZ153317,20083,10056,12409,2,322,2023-03-20
VF7VU9HZ6EZ143764,20084,10054,68642,10,43,2019-06-12
WUAPV54B43N903569,20070,10101,94826,3,155,2022-06-02
VF1LC0NM6F0109144,20032,10048,54532,1,385,2019-07-11
1G8ZK5275XZ153317,20060,10025,51508,9,325,2022-01-18
JF1GE6A60CH206925,20096,10013,23522,6,47,2021-05-25
WBA3A5C54DF359324,20050,10054,47465,11,548,2020-10-06
WDBRF81J53F352141,20107,10025,62765,8,239,2022-08-08
1G1BC5SM6H7248546,20066,10063,22190,7,422,2020-01-17
5N1AT2MT2FC812656,20088,10031,74831,5,553,2019-08-20
1FTMF1E55KKE29667,20061,10014,47490,4,368,2021-09-11
3VWRL71KX5M624255,20065,10071,61638,12,492,2019-07-24
1FAHP2F87DG177357,20046,10022,68642,2,273,2019-12-19
1N4AA6AV2JC379063,20036,10029,56034,10,371,2021-06-19
2G61M5S31D9262549,20057,10043,21874,1,398,2021-01-13
2C3CDXHG6GH235239,20099,10103,83912,9,128,2020-08-08
WDDGF8AB8EG146484,20024,10108,35893,11,547,2020-11-11
1G4PR5SK2C4177666,20081,10085,99316,6,597,2022-02-05
WDDGF8AB8EG146484,20092,10017,74831,8,90,2018-12-07
VF1AG462K24863452,20105,10068,98172,7,572,2022-02-25
5FNYF5H92LB023046,20093,10060,85948,5,295,2020-05-16
1FT7W2BT6EEA88616,20059,10109,98526,4,321,2023-01-11