Lavage à la main,15,1GNKVGKDXHJ111205,20045,10020,2023-04-01
Lavage sans eau,25,1GNKVJED1CJ340267,20104,10067,2023-03-29
Lavage extérieur,10,1GTEC14V4YE228962,20031,10010,2018-09-23
Lavage intérieur,20,1GYS4BKJ9FR261998,20101,10046,2023-04-12
Lavage complet,30,1GYS4CKJ7FR156314,20095,10109,2023-03-29
Lavage écologique,35,1HGCM66593A027660,20100,10039,2023-03-28
Lavage express,5,1J4GW48S33C538940,20015,10022,2023-04-17
Lavage rapide,8,1N4AA6AV2JC379063,20103,10070,2023-03-30
Lavage régulier,12,1N4BA41E27C829994,20013,10060,2023-03-31
Lavage deluxe,50,1N4BL2AP3CN456357,20100,10101,2023-03-28
Lavage suprême,60,2A8HR54P78R838277,20026,10112,2023-03-31
Lavage royal,75,2C3CCAGG7JH126885,20109,10055,2023-03-28
Lavage ultime,100,2C3CDXBG0HH601391,20069,10004,2023-03-30
Lavage professionnel,150,2C3CDXBG1CH175443,20109,10051,2023-03-29
Lavage prestige,200,2C3CDXBG6HH529674,20061,10017,2023-03-29
Lavage de luxe,250,2C3CDXHG6GH235239,20109,10015,2023-03-29
Lavage VIP,500,2G1WF52E059181328,20008,10111,2023-03-31
Lavage de sport,200,2G61M5S31D9262549,20101,10027,2023-03-30
Lavage tout-terrain,150,2GKALMEK2F6411379,20003,10007,2023-03-29
Lavage de camionnette,100,2GTEK19B951178294,20106,10105,2023-03-28
Lavage de camion,200,3D7KU28D53G744361,20073,10024,2023-03-04
Lavage de voiture électrique,35,3D7TT2CT8BG117921,20109,10028,2023-03-13
Lavage de voiture hybride,40,3N1AB6AP4DL745369,20076,10013,2023-03-07
Lavage de camion lourd,250,3VWPL7AJ9DM672383,20033,10111,2023-03-10
Lavage de moto,20,3VWRL71KX5M624255,20097,10059,2023-03-24
Lavage de fourgonnette,75,5FNRL38458B124625,20087,10031,2023-03-20
Lavage de VUS,90,5FNYF5H92LB023046,20023,10029,2023-03-01
Lavage de VTT,50,5GZCZ23D44S823096,20002,10014,2023-03-08
Lavage de VUM,60,5GZCZ23D64S886662,20063,10103,2023-03-18
Lavage de limousine,150,5LMJJ3J51BEL02090,20048,10032,2023-03-19
Lavage de véhicule utilitaire,120,5N1AT2MT2FC812656,20010,10105,2023-03-14
Lavage de camion léger,80,5NPD84LF9KH404781,20071,10100,2023-03-03
Lavage de VUS de luxe,200,5UXFE43528L034542,20063,10004,2023-03-06
Nettoyage à sec,30,1GYS4CKJ7FR156314,20090,10036,2023-03-11
Lavage extérieur,15,1FT7W2BT6EEA88616,20034,10011,2019-05-15
Lavage intérieur et extérieur,45,WDD2210561A158211,20081,10047,2023-03-28
Nettoyage intérieur en profondeur,80,5FNYF5H92LB023046,20063,10108,2023-03-27
Lavage écologique,25,1FAHP2F87DG177357,20044,10061,2023-03-02
Lavage à la main,35,2C3CDXBG6HH529674,20012,10078,2023-03-21
Lavage haute pression,20,1GNKVGKDXHJ111205,20030,10092,2023-04-17
Nettoyage de moteur,50,1FMEU73E07UA69550,20035,10108,2018-09-13
Lavage rapide,10,JN1AZ4EH4FM446205,20060,10026,2021-11-02
Lavage sans eau,30,WBA8E5G53GNT43587,20106,10081,2022-12-28
Lavage automatique,12,1G1BC5SM6H7248546,20079,10103,2019-07-15
Lavage à la vapeur,40,2C3CDXBG1CH175443,20105,10067,2018-12-31
Lavage intérieur,25,3N1AB6AP4DL745369,20098,10087,2023-04-12
Nettoyage de tapis,35,WDC2539861X062536,20080,10038,2018-11-23
Lavage à largile,50,1C4PJLDS6KW511518,20023,10094,2019-06-19
Lavage de vitres,15,2G1WF52E059181328,20106,10100,2022-04-05
Nettoyage de jantes,20,1GYS4BKJ9FR261998,20037,10068,2023-03-02
Lavage à la main,15,1G1BC5SM2G7259363,20002,10051,2021-08-29
Lavage intérieur,30,1G1BC5SM6H7248546,20083,10016,2020-05-11
Lavage extérieur,20,1G1BL52P7TR107873,20076,10058,2021-11-28
Lavage à la main,15,1G1PC5SB1E7468027,20050,10102,2019-09-01
Lavage extérieur,20,1G1PC5SB3E7160723,20047,10073,2018-06-13
Lavage intérieur,30,1G1YY32G045137245,20007,10112,2021-02-16
Lavage extérieur,20,1G4GE5EV1AF270056,20025,10026,2021-12-13
Lavage intérieur,30,1G4PR5SK2C4177666,20018,10024,2023-01-18
Lavage à la main,15,1G6DW547XLR710376,20108,10012,2022-07-11
Lavage extérieur,20,1G6DW677570114710,20066,10053,2023-03-28
Lavage intérieur,30,1G8ZH5280TZ245669,20032,10009,2019-12-11
Lavage extérieur,20,1G8ZK5275XZ153317,20022,10052,2018-12-24
Lavage intérieur,30,1GCHK29U43E183471,20105,10050,2018-09-23
Lavage extérieur,20,1GKDT13S432310687,20060,10083,2021-06-01
Lavage à la main,15,1GKET16S336108900,20103,10100,2023-03-22
Lavage extérieur,20,1GNKVGKDXHJ111205,20007,10092,2023-04-17
Lavage intérieur,30,1GNKVJED1CJ340267,20102,10085,2019-05-15
Lavage extérieur,20,1GTEC14V4YE228962,20096,10084,2023-04-13
Lavage à la main,15,1GYS4BKJ9FR261998,20101,10034,2022-10-29
Lavage intérieur,30,1GYS4CKJ7FR156314,20084,10109,2021-11-28
Lavage extérieur,20,1HGCM66593A027660,20112,10068,2023-04-12
Lavage intérieur,30,1J4GW48S33C538940,20090,10085,2018-06-13
Lavage extérieur,20,1N4AA6AV2JC379063,20103,10060,2023-04-18
Lavage intérieur,30,1N4BA41E27C829994,20008,10082,2021-12-13
Lavage à la main,15,1N4BL2AP3CN456357,20106,10105,2020-01-10
Lavage extérieur,15,1GNKVGKDXHJ111205,20030,10022,2023-04-12
Lavage Deluxe,35,1GYS4CKJ7FR156314,20100,10076,2019-04-18
Lavage Intérieur,25,1HGCM66593A027660,20056,10073,2021-07-17
Lavage Express,10,1J4GW48S33C538940,20111,10103,2020-06-01
Lavage Suprême,45,1N4AA6AV2JC379063,20043,10072,2022-05-12
Lavage Intérieur/Extérieur,30,1N4BA41E27C829994,20109,10056,2019-02-26
Lavage à la Main,20,1N4BL2AP3CN456357,20027,10086,2018-11-29
Lavage Intérieur/Extérieur,30,2A8HR54P78R838277,20109,10043,2020-02-01
Lavage Deluxe,35,2C3CCAGG7JH126885,20072,10032,2023-01-06
Lavage Intérieur/Extérieur,30,2C3CDXBG0HH601391,20107,10078,2021-05-30
Lavage Deluxe,35,2C3CDXBG1CH175443,20044,10102,2022-03-11
Lavage Intérieur,25,2C3CDXBG6HH529674,20109,10012,2018-08-09
Lavage Intérieur/Extérieur,30,2C3CDXHG6GH235239,20008,10048,2022-06-08
Lavage Express,10,2G1WF52E059181328,20074,10110,2019-08-16
Lavage Suprême,45,2G61M5S31D9262549,20107,10068,2018-12-16
Lavage Intérieur/Extérieur,30,2GKALMEK2F6411379,20025,10066,2019-12-19
Lavage Deluxe,35,2GTEK19B951178294,20108,10061,2020-05-30
Lavage à la Main,20,3D7KU28D53G744361,20060,10092,2021-09-24
Lavage Intérieur/Extérieur,30,3D7TT2CT8BG117921,20110,10035,2023-02-23
Lavage Express,10,3N1AB6AP4DL745369,20030,10092,2022-02-05
Lavage Deluxe,35,3VWPL7AJ9DM672383,20103,10049,2018-07-05
Lavage Intérieur/Extérieur,30,3VWRL71KX5M624255,20053,10085,2021-02-13
Lavage Suprême,45,5FNRL38458B124625,20100,10095,2018-12-19
Lavage à la Main,20,5FNYF5H92LB023046,20096,10055,2020-11-19
Lavage Intérieur/Extérieur,30,5GZCZ23D44S823096,20107,10084,2019-07-24
Lavage express,10.50,2G1WF52E059181328,20084,10066,2023-04-18
Lavage régulier,14.99,2G61M5S31D9262549,20107,10026,2022-07-18
Lavage deluxe,19.99,2GKALMEK2F6411379,20068,10098,2021-08-15
Lavage premium,24.99,2GTEK19B951178294,20105,10094,2020-01-20
Lavage express,10.50,3D7KU28D53G744361,20078,10041,2023-04-15
Lavage régulier,14.99,3D7TT2CT8BG117921,20102,10101,2022-12-05
Lavage deluxe,19.99,3N1AB6AP4DL745369,20004,10011,2019-11-17
Lavage premium,24.99,3VWPL7AJ9DM672383,20109,10003,2018-09-27
Lavage express,10.50,3VWRL71KX5M624255,20090,10007,2023-04-12
Lavage régulier,14.99,5FNRL38458B124625,20100,10111,2020-03-06
Lavage deluxe,19.99,5FNYF5H92LB023046,20054,10092,2018-08-28
Lavage premium,24.99,5GZCZ23D44S823096,20105,10076,2022-04-27
Lavage express,10.50,5GZCZ23D64S886662,20054,10083,2020-05-11
Lavage régulier,14.99,5LMJJ3J51BEL02090,20109,10094,2019-02-23
Lavage deluxe,19.99,5N1AT2MT2FC812656,20006,10092,2018-06-11
Lavage premium,24.99,5NPD84LF9KH404781,20106,10084,2020-08-23
Lavage express,10.50,5UXFE43528L034542,20084,10091,2021-02-16
Lavage régulier,14.99,JF1GE6A60CH206925,20103,10047,2023-01-25
Lavage deluxe,19.99,JN1AZ4EH4FM446205,20015,10104,2021-02-03
Lavage premium,24.99,JN8AS5MT5AW001684,20109,10083,2019-10-09
Lavage express,10.50,JN8AS5MTXFW761655,20080,10074,2023-01-18
Lavage régulier,14.99,JTDKDTB30C1514658,20100,10016,2020-05-20
Lavage deluxe,19.99,JTDKDTB37A1358646,20062,10067,2023-03-16
Lavage premium,24.99,JTDKN3DU6B1442086,20103,10088,2019-03-27
Lavage express,10.50,JTHBE1D20F5003012,20008,10091,2019-12-11
Lavage extérieur,15.00,1N4AA6AV2JC379063,20107,10085,2023-04-15
Lavage Deluxe,25.00,5GZCZ23D64S886662,20057,10031,2018-07-30
Lavage intérieur et extérieur,35.00,WDD2210561A158211,20111,10038,2018-12-24
Lavage Express,10.00,1GYS4CKJ7FR156314,20036,10094,2020-03-02
Lavage Super,50.00,VF1AAAA0F67031390,20105,10052,2023-02-12
Lavage écologique,30.00,2C3CDXBG0HH601391,20008,10078,2022-02-26
Lavage de luxe,75.00,3D7KU28D53G744361,20101,10047,2019-06-29
Lavage haute pression,20.00,WBA3N3C57GK254798,20018,10033,2023-04-13
Lavage à la main,40.00,1FM5K8D81GGB92846,20111,10071,2018-11-11
Lavage automatique,12.00,1G1BC5SM2G7259363,20073,10012,2020-06-09
Lavage premium,45.00,1FA6P8CF6G5204786,20106,10109,2019-01-24
Lavage rapide,8.00,1FT7W2BT6EEA88616,20045,10098,2022-09-23
Lavage professionnel,60.00,VF1BB0CG642762701,20106,10034,2023-02-19
Lavage basic,5.00,1C6SRFJT9LN124271,20016,10093,2022-06-30
Lavage de qualité,56.00,1FMEU73E07UA69550,20106,10074,2019-05-15
Lavage écologique de luxe,85.00,JN8AS5MT5AW001684,20072,10093,2022-03-02
Lavage supérieur,70.00,WDC2539861X062536,20110,10097,2018-10-03
Lavage économique,18.00,JTDKDTB37A1358646,20008,10103,2021-01-13
Lavage standard,30.00,1G1BL52P7TR107873,20112,10061,2019-08-08
Lavage de véhicule récréatif,100.00,1GKET16S336108900,20009,10082,2019-11-29
Lavage pour voiture de luxe,150.00,2C3CDXHG6GH235239,20100,10020,2022-12-20
Lavage pour camionnette,25.00,1FTMF1E55KKE29667,20057,10053,2022-11-06
Lavage pour VUS,35.00,1G1YY32G045137245,20112,10023,2021-06-01
Lavage de flotte de véhicules,50.00,VF1CNCZ0F48912151,20031,10023,2023-03-20
Lavage professionnel pour entreprise,80.00,JTDKN3DU6B1442086,20111,10071,2020-10-22